Method,Name,Error,Occurrences
PUT,/criminal/3109,"('Connection aborted.', RemoteDisconnected('Remote end closed connection without response'))",1
PUT,/criminal/10309,"('Connection aborted.', RemoteDisconnected('Remote end closed connection without response'))",1
PUT,/criminal/7909,"('Connection aborted.', RemoteDisconnected('Remote end closed connection without response'))",1
PUT,/criminal/1609,"('Connection aborted.', RemoteDisconnected('Remote end closed connection without response'))",1
PUT,/criminal/2509,"('Connection aborted.', RemoteDisconnected('Remote end closed connection without response'))",1
PUT,/criminal/8509,"('Connection aborted.', RemoteDisconnected('Remote end closed connection without response'))",1
PUT,/criminal/1509,"('Connection aborted.', RemoteDisconnected('Remote end closed connection without response'))",1
PUT,/criminal/10509,"('Connection aborted.', RemoteDisconnected('Remote end closed connection without response'))",1
PUT,/criminal/2209,"('Connection aborted.', RemoteDisconnected('Remote end closed connection without response'))",1
